,empty_rows,rows,num_ratio,dollar_count,Table
0,2,22,0.2743362831858407,4,1
1,2,21,0.18461538461538463,2,1
2,15,44,0.2956521739130435,8,1
3,18,41,0.9384615384615385,13,1
4,10,33,0.532051282051282,5,1
5,27,81,0.5428571428571428,11,1
6,5,37,0.3791208791208791,6,1
7,8,31,0.4897959183673469,4,1
8,8,30,0.48905109489051096,6,1
9,32,126,0.49710982658959535,8,1
10,7,45,0.26804123711340205,3,1
11,16,47,0.1450980392156863,8,1
12,7,31,0.17391304347826086,2,1
13,11,25,0.9433962264150944,12,1
14,6,30,0.5540540540540541,1,1
15,29,93,0.22962962962962963,0,1
16,8,50,0.7734138972809668,0,1
17,52,194,0.44052863436123346,0,1
18,49,170,0.9084967320261438,0,1
19,7,48,0.42358078602620086,4,1
20,62,207,0.4494949494949495,4,1
21,5,29,0.6071428571428571,0,1
22,11,39,0.1292517006802721,2,1
23,1,18,0.20833333333333334,4,1
24,2,20,0.171875,2,1
25,12,54,0.016241299303944315,1,1
26,11,44,0.0462046204620462,7,1
27,8,46,0.0633245382585752,6,1
28,18,70,0.13802816901408452,12,1
29,7,47,0.019955654101995565,0,1
30,7,51,0.21403508771929824,7,1
31,12,43,0.1791907514450867,10,1
32,27,71,0.3212121212121212,10,1
33,8,24,0.049586776859504134,1,1
34,17,57,0.2793103448275862,18,1
35,11,59,0.13755458515283842,13,1
36,15,54,0.12684365781710916,10,1
37,9,42,0.055288461538461536,1,1
38,12,41,0.07547169811320754,0,1
39,14,55,0.0948905109489051,0,1
40,19,62,0.20622568093385213,12,1
41,19,55,0.188,23,1
42,8,46,0.08527131782945736,8,1
43,13,50,0.11498257839721254,10,1
44,11,47,0.037037037037037035,1,1
45,9,45,0.035175879396984924,5,1
46,16,80,0.5618374558303887,5,1
47,21,78,0.4805194805194805,4,1
48,22,66,0.352,8,1
49,49,130,0.24752475247524752,12,1
50,13,41,0.2916666666666667,4,1
51,23,63,0.06698564593301436,0,1
52,2,56,0.21287128712871287,2,1
53,2,14,0.2878787878787879,4,1
54,44,109,0.174496644295302,8,1
55,12,33,0.6617647058823529,14,1
56,20,70,0.21465968586387435,11,1
57,22,51,0.639344262295082,18,1
58,37,91,0.19047619047619047,8,1
59,20,51,0.65,18,1
60,13,66,0.2823529411764706,10,1
61,27,86,0.2727272727272727,4,1
62,12,34,0.7012987012987013,14,1
63,6,50,0.3687150837988827,10,1
64,20,61,0.23717948717948717,10,1
65,12,40,0.7226890756302521,18,1
66,48,120,0.19008264462809918,4,1
67,17,46,0.696969696969697,18,1
68,13,61,0.304635761589404,9,1
69,16,49,0.34306569343065696,6,1
70,25,74,0.3357142857142857,8,1
71,13,41,0.2708333333333333,6,1
72,13,40,0.2857142857142857,6,1
73,13,40,0.2826086956521739,6,1
74,13,74,0.4074074074074074,8,1
75,13,38,0.26666666666666666,6,1
76,13,42,0.31,6,1
77,13,41,0.27956989247311825,6,1
78,13,40,0.2777777777777778,6,1
79,13,38,0.25882352941176473,6,1
80,13,42,0.31313131313131315,6,1
81,13,40,0.26436781609195403,6,1
82,13,41,0.27956989247311825,6,1
83,13,41,0.2777777777777778,6,1
84,13,41,0.27956989247311825,6,1
85,23,58,0.04583333333333333,0,1
86,13,41,0.30526315789473685,6,1
87,13,39,0.1625,6,1
88,13,40,0.2857142857142857,6,1
89,13,42,0.31313131313131315,6,1
90,13,41,0.30526315789473685,6,1
91,13,42,0.3163265306122449,6,1
92,13,42,0.3076923076923077,6,1
93,13,40,0.2826086956521739,6,1
94,13,42,0.3,6,1
95,13,40,0.29545454545454547,6,1
96,12,75,0.4420289855072464,10,1
97,13,42,0.31683168316831684,6,1
98,14,45,0.3017241379310345,6,1
99,14,51,0.3357142857142857,6,1
100,13,35,0.17105263157894737,6,1
101,13,40,0.27586206896551724,6,1
102,12,37,0.2,6,1
103,11,31,0.4507042253521127,28,1
104,22,70,0.44715447154471544,48,1
105,38,97,0.47413793103448276,10,1
106,11,33,0.375,15,1
107,19,56,0.033783783783783786,1,1
108,14,38,0.42045454545454547,16,1
109,12,28,0.9259259259259259,24,1
110,10,58,0.5275229357798165,10,1
111,14,48,0.9644970414201184,18,1
112,10,39,0.39823008849557523,8,1
113,14,33,0.9384615384615385,12,1
114,16,66,0.31627906976744186,16,1
115,12,42,0.8823529411764706,24,1
116,16,93,0.5571428571428572,4,1
117,14,56,0.9834254143646409,6,1
118,25,80,0.25129533678756477,17,1
119,28,85,0.10775862068965517,0,1
120,24,71,0.21656050955414013,12,1
121,21,74,0.1440677966101695,4,1
122,25,82,0.18243243243243243,0,1
123,20,72,0.13333333333333333,2,1
124,23,78,0.13768115942028986,0,1
125,40,103,0.12605042016806722,4,1
126,25,70,0.1506849315068493,12,1
127,43,106,0.1796875,2,1
128,17,53,0.23529411764705882,11,1
129,18,60,0.13043478260869565,2,1
130,18,66,0.351931330472103,3,1
131,17,68,0.2119205298013245,12,1
132,33,100,0.23076923076923078,4,1
133,20,72,0.16822429906542055,2,1
134,21,88,0.21875,2,1
135,20,82,0.24806201550387597,2,1
136,16,59,0.21084337349397592,5,1
137,18,71,0.1810344827586207,0,1
138,19,84,0.22560975609756098,3,1
139,10,60,0.168141592920354,2,1
140,21,83,0.21019108280254778,2,1
141,38,146,0.37209302325581395,4,1
142,7,56,0.216,2,1
143,28,72,0.18787878787878787,4,1
144,23,77,0.2517985611510791,2,1
145,20,90,0.2774566473988439,1,1
146,15,52,0.17543859649122806,1,1
147,28,96,0.24528301886792453,1,1
148,26,79,0.3660130718954248,10,1
149,17,55,0.358974358974359,10,1
150,14,47,0.3671875,8,1
151,17,54,0.34459459459459457,10,1
152,42,117,0.07380952380952381,0,1
153,17,57,0.37575757575757573,10,1
154,17,52,0.31343283582089554,10,1
155,17,54,0.3356643356643357,10,1
156,17,53,0.35374149659863946,10,1
157,17,53,0.35374149659863946,10,1
158,17,50,0.29545454545454547,10,1
159,21,67,0.3082191780821918,10,1
160,17,55,0.3503184713375796,10,1
161,17,56,0.36024844720496896,8,1
162,17,54,0.3263888888888889,9,1
163,41,161,0.18861209964412812,3,1
164,17,50,0.2692307692307692,10,1
165,17,58,0.35,10,1
166,27,74,0.32142857142857145,8,1
167,17,51,0.3125,10,1
168,23,65,0.28688524590163933,8,1
169,17,54,0.33112582781456956,9,1
170,14,39,0.23595505617977527,10,1
171,24,64,0.2782608695652174,6,1
172,17,47,0.2441860465116279,6,1
173,14,38,0.23595505617977527,10,1
174,33,106,0.2023121387283237,2,1
175,14,38,0.23333333333333334,10,1
176,14,39,0.24705882352941178,10,1
177,14,39,0.2413793103448276,10,1
178,19,59,0.31896551724137934,6,1
179,17,52,0.2932330827067669,10,1
180,17,48,0.272,10,1
181,26,63,0.3007518796992481,10,1
182,26,78,0.35374149659863946,10,1
183,18,52,0.2872340425531915,7,1
184,17,53,0.3237410071942446,10,1
185,47,150,0.1551155115511551,3,1
186,12,37,0.2553191489361702,10,1
187,18,57,0.32116788321167883,8,1
188,26,88,0.34558823529411764,6,1
189,23,90,0.37373737373737376,7,1
190,12,33,0.32432432432432434,16,1
191,9,27,0.4074074074074074,0,1
192,85,207,0.48760330578512395,48,1
193,35,103,0.5,24,1
194,24,65,0.4351851851851852,24,1
195,19,72,0.29491525423728815,11,1
196,28,88,0.23178807947019867,4,1
197,9,47,0.55,8,1
198,88,212,0.39375,43,1
199,41,154,0.48148148148148145,21,1
200,25,65,0.33540372670807456,22,1
201,6,37,0.46938775510204084,24,1
202,18,79,0.5190615835777126,7,1
203,39,143,0.5570032573289903,2,1
204,10,37,0.4479166666666667,7,1
205,4,19,0.59375,0,1
206,27,83,0.4808510638297872,1,1
207,20,101,0.20710059171597633,3,1
208,3,23,1.0,0,1
209,21,58,0.41847826086956524,4,1
210,9,31,0.496,3,1
211,2,15,0.7241379310344828,0,1
212,13,42,0.4124293785310734,5,1
213,1,15,0.7029702970297029,2,1
214,7,24,0.4594594594594595,3,1
215,40,111,0.5214899713467048,20,1
216,53,136,0.5074626865671642,22,1
217,36,103,0.1872791519434629,6,1
218,19,84,0.34156378600823045,12,1
219,20,71,0.42857142857142855,1,1
220,10,49,0.32599118942731276,0,1
221,12,33,0.3305084745762712,0,1
222,2,10,0.9459459459459459,0,1
223,14,78,0.43947858472998136,0,1
224,57,200,0.29777777777777775,0,1
225,28,68,0.3115942028985507,0,1
226,7,50,0.136986301369863,0,1
227,18,110,0.2791164658634538,0,1
228,45,159,0.2564102564102564,0,1
229,21,96,0.4938875305623472,24,1
230,18,46,0.1595744680851064,8,1
231,67,254,0.2802937576499388,1,1
232,110,400,0.12258064516129032,0,1
233,18,73,0.48,6,1
234,13,57,0.6216216216216216,7,1
235,23,64,0.3493975903614458,7,1
236,13,53,0.049868766404199474,5,1
237,8,49,0.06930693069306931,6,1
238,8,53,0.06906906906906907,1,1
239,16,60,0.17627118644067796,13,1
240,18,65,0.1130952380952381,9,1
241,15,49,0.09787234042553192,4,1
242,10,45,0.0782312925170068,2,1
243,17,68,0.15988372093023256,11,1
244,13,57,0.14786967418546365,15,1
245,14,58,0.18292682926829268,15,1
246,7,57,0.15925925925925927,2,1
247,8,50,0.05463182897862233,7,1
248,15,55,0.2283464566929134,9,1
249,15,61,0.33507853403141363,10,1
250,12,49,0.10655737704918032,2,1
251,13,58,0.12363636363636364,4,1
252,9,48,0.12949640287769784,7,1
253,12,50,0.14285714285714285,3,1
254,12,52,0.20921985815602837,7,1
255,13,54,0.18055555555555555,14,1
256,9,43,0.17120622568093385,6,1
257,35,83,0.18197278911564627,36,1
258,28,77,0.21223021582733814,49,1
259,12,63,0.11693548387096774,11,1
260,11,46,0.13506493506493505,8,1
261,11,60,0.12840466926070038,9,1
262,14,58,0.14347826086956522,11,1
263,12,45,0.4226190476190476,10,1
264,11,53,0.25,20,1
265,8,33,0.08620689655172414,5,1
266,74,204,0.40476190476190477,4,1
267,16,71,0.19243986254295534,14,1
268,16,58,0.20308483290488433,19,1
269,9,51,0.06433823529411764,2,1
270,9,44,0.07484407484407485,2,1
271,13,51,0.10410094637223975,0,1
272,16,62,0.17333333333333334,6,1
273,13,47,0.13389121338912133,11,1
274,23,70,0.15748031496062992,11,1
275,14,56,0.19090909090909092,13,1
276,12,53,0.05588822355289421,1,1
277,26,110,0.24691358024691357,5,1
278,14,55,0.08317214700193423,3,1
279,35,99,0.1590909090909091,6,1
280,20,66,0.13013698630136986,14,1
281,21,70,0.15129151291512916,14,1
282,12,55,0.20657276995305165,13,1
283,15,49,0.06440677966101695,6,1
284,25,77,0.3143939393939394,20,1
285,5,34,0.24186046511627907,16,1
286,11,52,0.18133333333333335,8,1
287,13,58,0.1437908496732026,7,1
288,48,157,0.38846153846153847,11,1
289,17,56,0.16055045871559634,11,1
290,18,59,0.0651685393258427,0,1
291,9,49,0.10077519379844961,9,1
292,26,77,0.29069767441860467,12,1
293,8,30,0.5398230088495575,3,1
294,18,70,0.11046511627906977,2,1
295,23,136,0.5294117647058824,3,1
296,12,98,0.5319148936170213,4,1
297,5,65,0.5173267326732673,4,1
298,8,117,0.5364077669902912,2,1
299,24,96,0.24870466321243523,6,1
300,15,129,0.5349887133182845,4,1
301,14,122,0.5093023255813953,4,1
302,15,116,0.5358090185676393,4,1
303,9,110,0.5161290322580645,2,1
304,25,112,0.4657534246575342,8,1
305,11,32,0.25555555555555554,6,1
306,8,41,0.04804804804804805,4,1
307,37,103,0.3176470588235294,8,1
308,33,95,0.23015873015873015,2,1
309,18,52,0.3125,6,1
310,14,82,0.3520408163265306,14,1
311,11,54,0.2734375,0,1
312,17,82,0.38114754098360654,6,1
313,18,126,0.3246753246753247,4,1
314,16,50,0.2980132450331126,8,1
315,25,96,0.3006134969325153,10,1
316,17,70,0.3505747126436782,4,1
317,24,81,0.19148936170212766,0,1
318,19,73,0.19166666666666668,4,1
319,26,75,0.20394736842105263,12,1
320,21,75,0.14634146341463414,8,1
321,10,38,0.3252032520325203,6,1
322,11,62,0.4730290456431535,9,1
323,31,91,0.4161849710982659,32,1
324,8,23,0.4153846153846154,10,1
325,2,7,1.0,10,1
326,15,68,0.5019455252918288,44,1
327,18,52,0.9432624113475178,42,1
328,25,58,0.4580152671755725,35,1
329,11,26,0.9846153846153847,35,1
330,31,106,0.5317460317460317,10,1
331,16,49,0.9926470588235294,10,1
332,10,34,0.39880952380952384,5,1
333,25,78,0.06451612903225806,17,1
334,4,19,0.6825396825396826,2,1
335,9,60,0.5980066445182725,1,1
336,6,46,0.9388646288209607,0,1
337,26,77,0.3657142857142857,6,1
338,6,27,0.5488721804511278,4,1
339,7,34,0.4476744186046512,6,1
340,5,21,0.6888888888888889,1,1
341,32,154,0.4166666666666667,3,1
342,32,79,0.391705069124424,30,1
343,6,29,0.432258064516129,2,1
344,11,30,0.05333333333333334,2,1
345,4,27,0.2824427480916031,0,1
346,10,32,0.5933333333333334,0,1
347,52,171,0.3826530612244898,0,1
348,42,136,0.9791666666666666,0,1
349,32,94,0.24705882352941178,0,1
350,27,74,0.9591836734693877,0,1
351,12,44,0.06060606060606061,0,1
352,15,47,0.8823529411764706,0,1
353,33,106,0.18229166666666666,8,1
354,12,62,0.16666666666666666,11,1
355,14,42,0.18181818181818182,4,1
356,15,50,0.05825242718446602,4,1
357,11,47,0.035211267605633804,2,1
358,14,61,0.2145748987854251,9,1
359,26,96,0.14785992217898833,5,1
360,15,60,0.05128205128205128,13,1
361,9,53,0.291970802919708,2,1
362,9,49,0.38207547169811323,7,1
363,10,51,0.1196808510638298,12,1
364,10,39,0.10714285714285714,8,1
365,19,59,0.11969111969111969,16,1
366,12,38,0.11585365853658537,4,1
367,21,68,0.33980582524271846,12,1
368,21,65,0.27325581395348836,18,1
369,20,68,0.22408026755852842,15,1
370,11,50,0.1,14,1
371,13,54,0.15789473684210525,13,1
372,21,63,0.3407821229050279,19,1
373,23,63,0.1712707182320442,6,1
374,12,44,0.25892857142857145,13,1
375,13,48,0.10476190476190476,3,1
376,22,81,0.2510822510822511,6,1
377,8,53,0.04355400696864112,3,1
378,12,56,0.10325047801147227,12,1
379,12,43,0.14479638009049775,5,1
380,28,107,0.46443514644351463,7,1
381,15,52,0.7441860465116279,7,1
382,4,20,0.22641509433962265,12,1
383,21,70,0.18125,11,1
384,26,70,0.18840579710144928,7,1
385,10,34,0.6236559139784946,23,1
386,25,85,0.18633540372670807,12,1
387,10,39,0.6666666666666666,21,1
388,21,77,0.1858974358974359,8,1
389,10,35,0.6813186813186813,21,1
390,27,90,0.20833333333333334,9,1
391,9,36,0.6336633663366337,18,1
392,21,79,0.17901234567901234,10,1
393,22,59,0.6371681415929203,20,1
394,19,77,0.20606060606060606,12,1
395,27,105,0.1783783783783784,2,1
396,16,45,0.7058823529411765,4,1
397,14,56,0.22297297297297297,5,1
398,17,48,0.625,10,1
399,27,91,0.2206896551724138,3,1
400,14,49,0.6774193548387096,7,1
401,26,85,0.2,3,1
402,14,49,0.6808510638297872,5,1
403,38,105,0.21379310344827587,3,1
404,14,49,0.6451612903225806,4,1
405,14,65,0.21621621621621623,3,1
406,6,43,0.3312883435582822,6,1
407,14,58,0.6956521739130435,10,1
408,23,68,0.2822085889570552,4,1
409,17,48,0.7837837837837838,1,1
410,48,131,0.4066390041493776,4,1
411,23,86,0.4117647058823529,4,1
412,74,188,0.3246268656716418,4,1
413,39,100,0.3849056603773585,4,1
414,24,88,0.4131944444444444,4,1
415,40,124,0.3900414937759336,1,1
416,52,158,0.3902439024390244,1,1
417,9,43,0.3795620437956204,10,1
418,23,88,0.3978102189781022,4,1
419,39,124,0.4105691056910569,7,1
420,35,96,0.38349514563106796,6,1
421,16,48,0.3233082706766917,7,1
422,14,40,0.6206896551724138,5,1
423,18,52,0.32142857142857145,7,1
424,16,45,0.6615384615384615,6,1
425,25,56,0.3023255813953488,6,1
426,15,41,0.6666666666666666,8,1
427,18,50,0.3037037037037037,8,1
428,23,73,0.3422818791946309,9,1
429,15,46,0.7313432835820896,8,1
430,25,56,0.30158730158730157,7,1
431,14,41,0.6612903225806451,7,1
432,18,49,0.2727272727272727,5,1
433,15,45,0.704225352112676,7,1
434,16,48,0.3262411347517731,8,1
435,21,56,0.7164179104477612,8,1
436,16,45,0.2764227642276423,7,1
437,15,43,0.6949152542372882,8,1
438,15,49,0.3310810810810811,8,1
439,24,68,0.08401084010840108,15,1
440,14,47,0.7,8,1
441,16,49,0.3380281690140845,8,1
442,15,41,0.6551724137931034,7,1
443,17,53,0.33121019108280253,9,1
444,16,48,0.6190476190476191,5,1
445,18,54,0.3310344827586207,8,1
446,15,42,0.703125,6,1
447,22,69,0.3380281690140845,7,1
448,30,96,0.3942857142857143,47,1
449,28,87,0.38620689655172413,47,1
450,3,27,0.13488372093023257,6,1
451,4,25,0.17142857142857143,2,1
452,9,32,0.16666666666666666,2,1
453,13,57,0.13013698630136986,4,1
454,4,21,0.2112676056338028,4,1
455,12,38,0.171875,2,1
456,14,42,0.030303030303030304,0,1
457,10,40,0.03169014084507042,3,1
458,9,35,0.049107142857142856,6,1
459,8,44,0.05475504322766571,3,1
460,10,49,0.038929440389294405,2,1
461,4,46,0.22340425531914893,7,1
462,22,62,0.10526315789473684,9,1
463,7,28,0.05429864253393665,4,1
464,30,79,0.32989690721649484,11,1
465,12,36,0.06190476190476191,4,1
466,17,57,0.22535211267605634,14,1
467,26,85,0.29961089494163423,15,1
468,12,45,0.12318840579710146,2,1
469,13,43,0.19902912621359223,10,1
470,9,48,0.048426150121065374,4,1
471,10,45,0.07534246575342465,7,1
472,17,50,0.15953307392996108,16,1
473,13,49,0.043010752688172046,1,1
474,14,74,0.5416666666666666,4,1
475,23,82,0.47297297297297297,3,1
476,22,67,0.35384615384615387,6,1
477,8,22,0.3076923076923077,4,1
478,7,24,0.1452991452991453,4,1
479,20,55,0.20512820512820512,11,1
480,38,85,0.6081081081081081,24,1
481,22,59,0.12403100775193798,10,1
482,18,42,0.6448598130841121,36,1
483,27,108,0.2222222222222222,2,1
484,24,62,0.1743119266055046,11,1
485,15,53,0.6717557251908397,41,1
486,28,76,0.22448979591836735,6,1
487,53,117,0.6904761904761905,14,1
488,28,79,0.1836734693877551,6,1
489,12,42,0.7007874015748031,16,1
490,27,88,0.22727272727272727,6,1
491,12,53,0.75,20,1
492,18,43,0.46153846153846156,24,1
493,10,54,0.36666666666666664,10,1
494,14,72,0.42081447963800905,24,1
495,20,49,0.04405286343612335,1,1
496,13,76,0.46875,12,1
497,12,40,0.033783783783783786,2,1
498,3,28,0.13488372093023257,6,1
499,4,24,0.16417910447761194,2,1
500,6,29,0.16666666666666666,2,1
501,24,73,0.12837837837837837,3,1
502,2,20,0.21333333333333335,4,1
503,3,21,0.15625,2,1
504,12,47,0.021212121212121213,1,1
505,6,32,0.03435114503816794,3,1
506,10,50,0.059322033898305086,9,1
507,8,48,0.06698564593301436,2,1
508,6,39,0.02203856749311295,0,1
509,3,49,0.2268370607028754,10,1
510,15,48,0.2073732718894009,14,1
511,24,61,0.26153846153846155,8,1
512,16,51,0.09090909090909091,6,1
513,16,53,0.2491349480968858,16,1
514,9,54,0.24127906976744187,18,1
515,19,59,0.2206405693950178,8,1
516,7,34,0.05537459283387622,6,1
517,12,51,0.09696969696969697,6,1
518,14,53,0.032448377581120944,1,1
519,5,33,0.04918032786885246,6,1
520,18,56,0.1423611111111111,15,1
521,12,73,0.5579710144927537,4,1
522,19,76,0.4808510638297872,4,1
523,20,61,0.36220472440944884,8,1
524,12,46,0.3,0,1
525,12,51,0.2876712328767123,2,1
526,20,57,0.21774193548387097,13,1
527,8,27,0.5625,32,1
528,7,39,0.1746031746031746,16,1
529,12,36,0.6391752577319587,37,1
530,24,69,0.22123893805309736,16,1
531,31,113,0.22839506172839505,2,1
532,26,59,0.5492957746478874,31,1
533,15,58,0.22560975609756098,8,1
534,16,42,0.6823529411764706,16,1
535,9,47,0.2389937106918239,8,1
536,22,52,0.7235772357723578,18,1
537,42,105,0.22058823529411764,6,1
538,11,52,0.7053571428571429,18,1
539,20,50,0.4383561643835616,28,1
540,26,70,0.13114754098360656,4,1
541,2,18,0.10909090909090909,3,1
542,18,70,0.37142857142857144,8,1
543,30,73,0.024539877300613498,1,1
544,13,69,0.4182692307692308,20,1
545,10,32,0.04405286343612335,2,1
546,11,72,0.4468864468864469,10,1
547,18,53,0.03389830508474576,1,1
548,3,22,0.2743362831858407,4,1
549,2,21,0.18461538461538463,2,1
550,13,42,0.3008849557522124,8,1
551,20,46,0.9322033898305084,13,1
552,12,39,0.5384615384615384,5,1
553,17,60,0.1345565749235474,22,1
554,8,42,0.38461538461538464,6,1
555,8,32,0.4931506849315068,3,1
556,11,34,0.4892086330935252,7,1
557,10,36,0.5,8,1
558,7,44,0.26424870466321243,3,1
559,12,44,0.1450980392156863,8,1
560,8,32,0.17391304347826086,2,1
561,9,24,0.9193548387096774,12,1
562,8,34,0.5540540540540541,1,1
563,9,33,0.22962962962962963,0,1
564,13,59,0.7738095238095238,0,1
565,54,196,0.43612334801762115,1,1
566,52,174,0.9150326797385621,0,1
567,6,48,0.42358078602620086,4,1
568,2,29,0.47342995169082125,5,1
569,7,34,0.6153846153846154,0,1
570,11,39,0.12244897959183673,1,1
571,2,20,0.21621621621621623,4,1
572,2,20,0.171875,2,1
573,12,54,0.018518518518518517,1,1
574,11,45,0.0462046204620462,7,1
575,8,46,0.0633245382585752,6,1
576,17,68,0.15555555555555556,11,1
577,8,48,0.02,0,1
578,2,45,0.21403508771929824,7,1
579,7,33,0.18128654970760233,10,1
580,25,67,0.3212121212121212,10,1
581,8,24,0.04132231404958678,1,1
582,17,57,0.28668941979522183,18,1
583,10,57,0.13755458515283842,13,1
584,13,51,0.12684365781710916,10,1
585,9,42,0.055288461538461536,1,1
586,12,41,0.07547169811320754,0,1
587,12,53,0.0951219512195122,0,1
588,18,63,0.20077220077220076,11,1
589,14,48,0.18725099601593626,22,1
590,8,47,0.08505154639175258,8,1
591,12,48,0.11498257839721254,11,1
592,11,47,0.036923076923076927,1,1
593,9,45,0.035175879396984924,5,1
594,12,75,0.558303886925795,4,1
595,42,127,0.47639484978540775,2,1
596,21,64,0.3543307086614173,7,1
597,49,130,0.24509803921568626,12,1
598,6,18,0.2916666666666667,4,1
599,23,63,0.06698564593301436,0,1
600,2,56,0.21287128712871287,2,1
601,5,18,0.2878787878787879,2,1
602,22,65,0.21341463414634146,8,1
603,22,52,0.6764705882352942,14,1
604,20,63,0.24022346368715083,10,1
605,20,48,0.6915887850467289,18,1
606,34,85,0.19463087248322147,8,1
607,14,40,0.6395348837209303,18,1
608,13,66,0.2823529411764706,10,1
609,15,48,0.2585034013605442,7,1
610,12,35,0.7051282051282052,14,1
611,10,57,0.35911602209944754,9,1
612,54,128,0.17424242424242425,5,1
613,13,42,0.7380952380952381,18,1
614,24,81,0.2714285714285714,0,1
615,12,37,0.7040816326530612,18,1
616,14,63,0.2980132450331126,9,1
617,16,50,0.34814814814814815,6,1
618,26,76,0.33098591549295775,7,1
619,14,43,0.3020833333333333,6,1
620,14,42,0.2857142857142857,6,1
621,14,42,0.2826086956521739,6,1
622,13,74,0.41700404858299595,8,1
623,14,40,0.26666666666666666,6,1
624,14,44,0.31,6,1
625,14,43,0.27956989247311825,6,1
626,14,42,0.28888888888888886,6,1
627,14,40,0.25882352941176473,6,1
628,14,44,0.31313131313131315,6,1
629,14,42,0.27586206896551724,6,1
630,14,43,0.27956989247311825,6,1
631,14,43,0.2777777777777778,6,1
632,14,43,0.27956989247311825,6,1
633,23,58,0.04583333333333333,0,1
634,14,43,0.30526315789473685,6,1
635,14,41,0.1518987341772152,6,1
636,14,42,0.2857142857142857,6,1
637,14,44,0.31313131313131315,6,1
638,14,43,0.30526315789473685,6,1
639,14,44,0.3163265306122449,6,1
640,14,44,0.3076923076923077,6,1
641,14,42,0.2826086956521739,6,1
642,14,44,0.3,6,1
643,14,42,0.29545454545454547,6,1
644,12,75,0.4368231046931408,10,1
645,14,44,0.31683168316831684,6,1
646,15,47,0.3017241379310345,6,1
647,15,53,0.3357142857142857,6,1
648,14,37,0.16,6,1
649,14,42,0.27586206896551724,6,1
650,13,39,0.189873417721519,6,1
651,12,33,0.4507042253521127,28,1
652,54,131,0.46218487394957986,0,1
653,56,133,0.47413793103448276,10,1
654,18,47,0.38571428571428573,16,1
655,16,52,0.037162162162162164,1,1
656,16,42,0.42045454545454547,16,1
657,11,30,0.9491525423728814,4,1
658,11,61,0.5203619909502263,11,1
659,18,54,0.9367816091954023,16,1
660,12,42,0.4017857142857143,8,1
661,14,33,0.9117647058823529,12,1
662,10,53,0.3300970873786408,16,1
663,12,34,0.9090909090909091,24,1
664,17,95,0.5571428571428572,3,1
665,14,59,0.9738219895287958,3,1
666,16,56,0.17352941176470588,7,1
667,10,61,0.1509433962264151,5,1
668,25,113,0.36666666666666664,8,1
669,19,63,0.254416961130742,8,1
670,16,56,0.25773195876288657,14,1
671,16,57,0.059369202226345084,0,1
672,17,59,0.05463182897862233,2,1
673,22,66,0.1305732484076433,3,1
674,9,51,0.09090909090909091,2,1
675,9,45,0.11418685121107267,2,1
676,6,30,0.2206896551724138,2,1
677,14,43,0.10266159695817491,13,1
678,18,70,0.2222222222222222,31,1
679,11,43,0.08064516129032258,4,1
680,14,66,0.4512820512820513,10,1
681,14,61,0.4678362573099415,9,1
682,10,39,0.08225108225108226,6,1
683,8,38,0.07667731629392971,6,1
684,15,64,0.1484848484848485,14,1
685,18,58,0.2145922746781116,11,1
686,18,77,0.38782051282051283,20,1
687,16,57,0.09578544061302682,12,1
688,8,41,0.1773049645390071,5,1
689,10,45,0.40969162995594716,10,1
690,22,52,0.42948717948717946,10,1
691,16,56,0.5270935960591133,18,1
692,9,48,0.13962264150943396,3,1
693,4,39,0.20114942528735633,3,1
694,7,41,0.22485207100591717,3,1
695,21,72,0.25485436893203883,24,1
696,17,65,0.18586387434554974,23,1
697,24,78,0.12352941176470589,10,1
698,18,62,0.10344827586206896,4,1
699,11,41,0.13076923076923078,6,1
700,12,53,0.1078838174273859,7,1
701,12,49,0.0705596107055961,1,1
702,11,36,0.05511811023622047,0,1
703,28,70,0.2054794520547945,0,1
704,15,63,0.12169312169312169,6,1
705,14,43,0.12043795620437957,10,1
706,15,51,0.06231454005934718,1,1
707,12,53,0.05473684210526316,0,1
708,15,54,0.04481792717086835,0,1
709,47,106,0.14732142857142858,2,1
710,12,54,0.058673469387755105,0,1
711,18,62,0.19215686274509805,9,1
712,26,80,0.19254658385093168,10,1
713,13,51,0.2210144927536232,16,1
714,30,89,0.28054298642533937,7,1
715,20,74,0.18971061093247588,6,1
716,15,54,0.05555555555555555,4,1
717,7,24,0.33695652173913043,3,1
718,6,15,0.14,0,1
719,13,46,0.12931034482758622,3,1
720,49,128,0.20675105485232068,5,1
721,11,50,0.12260536398467432,6,1
722,21,56,0.24169184290030213,30,1
723,36,90,0.34649122807017546,27,1
724,29,91,0.15942028985507245,1,1
725,15,55,0.42,12,1
726,36,135,0.4339622641509434,8,1
727,15,45,0.3114754098360656,12,1
728,30,78,0.2903225806451613,8,1
729,12,51,0.3170731707317073,12,1
730,52,152,0.09821428571428571,0,1
731,20,68,0.32673267326732675,8,1
732,27,100,0.25133689839572193,6,1
733,26,84,0.3147208121827411,6,1
734,16,82,0.40703517587939697,8,1
735,20,72,0.35365853658536583,5,1
736,16,68,0.358974358974359,8,1
737,24,74,0.3357142857142857,8,1
738,11,39,0.32727272727272727,7,1
739,18,65,0.3235294117647059,7,1
740,15,55,0.3815028901734104,8,1
741,12,43,0.3652173913043478,19,1
742,12,44,0.3157894736842105,12,1
743,28,90,0.3423913043478261,9,1
744,20,64,0.2967741935483871,6,1
745,12,45,0.26548672566371684,16,1
746,30,83,0.3170731707317073,16,1
747,16,52,0.29464285714285715,12,1
748,22,70,0.2737430167597765,8,1
749,19,64,0.3081081081081081,8,1
750,24,76,0.3149171270718232,6,1
751,17,77,0.41262135922330095,6,1
752,16,64,0.38095238095238093,6,1
753,22,96,0.2826086956521739,18,1
754,16,68,0.4046242774566474,6,1
755,22,87,0.3878787878787879,6,1
756,59,168,0.2773109243697479,18,1
757,12,52,0.3380281690140845,5,1
758,14,54,0.36619718309859156,6,1
759,9,30,0.2830188679245283,12,1
760,11,35,0.2711864406779661,16,1
761,9,31,0.4025974025974026,16,1
762,18,68,0.4005305039787798,25,1
763,8,31,0.1111111111111111,4,1
764,31,87,0.6582914572864321,0,1
765,16,76,0.7104677060133631,40,1
766,19,63,0.6,60,1
767,42,132,0.5182926829268293,2,1
768,24,83,0.7269736842105263,9,1
769,15,39,0.48677248677248675,20,1
770,9,33,0.47804878048780486,7,1
771,10,39,0.5982142857142857,7,1
772,11,36,0.5867768595041323,0,1
773,6,35,0.40588235294117647,4,1
774,39,179,0.5977011494252874,1,1
775,13,38,0.55,5,1
776,13,36,0.14666666666666667,7,1
777,7,20,0.3617021276595745,20,1
778,13,41,0.47398843930635837,0,1
779,6,31,0.4024390243902439,0,1
780,13,63,0.7065637065637066,0,1
781,14,82,0.5754189944134078,0,1
782,6,59,0.6735218508997429,0,1
783,11,28,0.21568627450980393,20,1
784,5,25,0.35384615384615387,1,1
785,11,33,0.45185185185185184,30,1
786,10,28,0.36585365853658536,20,1
787,5,25,0.6136363636363636,4,1
788,6,25,0.5700934579439252,0,1
789,6,27,0.37777777777777777,1,1
790,16,40,0.18834080717488788,24,1
791,20,78,0.5436241610738255,10,1
792,22,55,0.1540785498489426,20,1
793,12,50,0.5862068965517241,6,1
794,8,28,0.5495495495495496,4,1
795,17,39,0.37579617834394907,20,1
796,7,51,0.6397058823529411,40,1
797,12,36,0.21033210332103322,22,1
798,13,53,0.5847457627118644,5,1
799,21,59,0.12982456140350876,8,1
800,14,38,0.4074074074074074,0,1
801,15,51,0.6066350710900474,6,1
802,20,58,0.27154046997389036,15,1
803,9,46,0.5407407407407407,19,1
804,38,108,0.5289855072463768,29,1
805,14,45,0.13176470588235295,16,1
806,3,19,0.27058823529411763,1,1
807,3,19,0.25274725274725274,1,1
808,17,52,0.4098360655737705,32,1
809,9,46,0.4858757062146893,7,1
810,8,30,0.5547945205479452,1,1
811,6,46,0.14122137404580154,0,1
812,3,51,0.17407407407407408,0,1
813,4,43,0.15126050420168066,1,1
814,8,31,0.13664596273291926,8,1
815,28,95,0.12390924956369982,25,1
816,15,57,0.21189591078066913,20,1
817,13,40,0.05084745762711865,2,1
818,49,124,0.19488817891373802,24,1
819,17,51,0.13513513513513514,21,1
820,11,40,0.17110266159695817,19,1
821,20,74,0.04489164086687306,10,1
822,3,25,0.1686746987951807,2,1
823,4,24,0.15841584158415842,2,1
824,6,38,0.10810810810810811,4,1
825,16,47,0.027491408934707903,1,1
826,31,98,0.17179902755267423,26,1
827,37,113,0.439873417721519,17,1
828,34,93,0.2861271676300578,31,1
829,24,69,0.06698564593301436,4,1
830,39,122,0.412751677852349,3,1
831,20,77,0.43656716417910446,23,1
832,30,104,0.398989898989899,20,1
833,29,82,0.1015625,0,1
834,41,153,0.4340836012861736,10,1
835,36,112,0.08762886597938144,0,1
836,19,108,0.5037593984962406,2,1
837,18,86,0.46956521739130436,8,1
838,18,66,0.38219895287958117,8,1
839,14,52,0.33986928104575165,8,1
840,21,80,0.5047619047619047,2,1
841,27,91,0.47580645161290325,6,1
842,18,72,0.4935897435897436,11,1
843,22,102,0.40524781341107874,11,1
844,14,62,0.36827195467422097,13,1
845,21,66,0.1743119266055046,1,1
846,5,33,0.1926605504587156,2,1
847,3,17,0.16666666666666666,4,1
0,10,25,0.05128205128205128,0,0
1,41,107,0.04472843450479233,0,0
2,0,1,0.0,0,0
3,0,0,0.0,0,0
4,5,17,0.009174311926605505,0,0
5,0,0,0.0,0,0
6,0,0,0.0,0,0
7,14,42,0.046153846153846156,0,0
8,0,0,0.0,0,0
9,0,0,0.0,0,0
10,0,0,0.0,0,0
11,11,43,0.0,0,0
12,22,61,0.07692307692307693,0,0
13,7,26,0.0,0,0
14,32,116,0.02047244094488189,1,0
15,12,57,0.033288948069241014,0,0
16,13,60,0.02262443438914027,5,0
17,14,61,0.03651685393258427,2,0
18,15,62,0.018575851393188854,0,0
19,7,26,0.004098360655737705,0,0
20,0,0,0.0,0,0
21,0,0,0.0,0,0
22,13,44,0.011363636363636364,0,0
23,50,138,0.007633587786259542,0,0
24,8,24,0.05263157894736842,0,0
25,0,0,0.0,0,0
26,0,0,0.0,0,0
27,13,54,0.007722007722007722,0,0
28,8,52,0.012006861063464836,0,0
29,2,7,0.045454545454545456,0,0
30,7,48,0.061371841155234655,14,0
31,8,32,0.07352941176470588,9,0
32,4,10,0.07407407407407407,0,0
33,36,104,0.0058309037900874635,0,0
34,9,52,0.010507880910683012,0,0
35,9,54,0.005,0,0
36,7,33,0.026627218934911243,5,0
37,12,38,0.18181818181818182,0,0
38,39,95,0.15471698113207547,25,0
39,19,73,0.1415929203539823,7,0
40,12,42,0.15254237288135594,20,0
41,14,56,0.07474747474747474,18,0
42,12,39,0.10222222222222223,8,0
43,0,0,0.0,0,0
44,20,55,0.07194244604316546,5,0
45,10,46,0.07952286282306163,9,0
46,13,53,0.10734463276836158,29,0
47,10,45,0.10191082802547771,22,0
48,7,34,0.04020100502512563,4,0
49,13,39,0.06818181818181818,0,0
50,0,0,0.0,0,0
51,0,0,0.0,0,0
52,0,0,0.0,0,0
53,0,0,0.0,0,0
54,0,0,0.0,0,0
55,0,0,0.0,0,0
56,14,54,0.056768558951965066,0,0
57,13,52,0.05263157894736842,0,0
58,7,54,0.0272,0,0
59,11,46,0.015873015873015872,0,0
60,10,53,0.01079136690647482,0,0
61,8,49,0.006342494714587738,0,0
62,6,49,0.0364963503649635,1,0
63,8,51,0.024074074074074074,1,0
64,11,53,0.0697211155378486,11,0
65,0,0,0.0,0,0
66,17,57,0.018912529550827423,0,0
67,9,52,0.013461538461538462,0,0
68,9,51,0.024390243902439025,3,0
69,8,52,0.03858520900321544,1,0
70,8,48,0.02952755905511811,2,0
71,11,50,0.03289473684210526,0,0
72,10,53,0.009708737864077669,0,0
73,10,49,0.0066815144766146995,0,0
74,16,56,0.02030456852791878,1,0
75,15,57,0.04337899543378995,0,0
76,12,63,0.01953125,0,0
77,7,48,0.013806706114398421,0,0
78,6,37,0.040268456375838924,1,0
79,12,57,0.03164556962025317,0,0
80,10,54,0.04070796460176991,1,0
81,5,35,0.06334841628959276,1,0
82,9,48,0.09477756286266925,13,0
83,7,39,0.11494252873563218,16,0
84,6,49,0.028409090909090908,7,0
85,12,54,0.024229074889867842,3,0
86,8,47,0.022556390977443608,0,0
87,29,79,0.05806451612903226,0,0
88,9,31,0.03361344537815126,1,0
89,11,42,0.09090909090909091,5,0
90,0,0,0.0,0,0
91,0,1,0.0,0,0
92,0,0,0.0,0,0
93,0,0,0.0,0,0
94,0,0,0.0,0,0
95,5,26,0.003875968992248062,0,0
96,0,0,0.0,0,0
97,0,0,0.0,0,0
98,20,87,0.003703703703703704,0,0
99,0,0,0.0,0,0
100,3,10,0.01694915254237288,0,0
101,0,0,0.0,0,0
102,0,0,0.0,0,0
103,15,49,0.004694835680751174,0,0
104,12,52,0.01486988847583643,0,0
105,9,49,0.008417508417508417,0,0
106,8,40,0.006928406466512702,0,0
107,0,0,0.0,0,0
108,0,0,0.0,0,0
109,3,11,0.13793103448275862,0,0
110,6,36,0.0022371364653243847,0,0
111,10,42,0.016172506738544475,0,0
112,7,22,0.05714285714285714,0,0
113,2,5,0.041666666666666664,0,0
114,27,96,0.08024691358024691,0,0
115,0,0,0.0,0,0
116,0,0,0.0,0,0
117,0,0,0.0,0,0
118,16,62,0.021484375,0,0
119,6,47,0.008264462809917356,0,0
120,0,0,0.0,0,0
121,4,18,0.03355704697986577,0,0
122,0,0,0.0,0,0
123,11,49,0.03368421052631579,7,0
124,7,44,0.018779342723004695,0,0
125,9,51,0.04554079696394687,6,0
126,17,41,0.22727272727272727,0,0
127,25,64,0.16279069767441862,0,0
128,32,74,0.1282051282051282,0,0
129,10,49,0.037815126050420166,11,0
130,24,59,0.10606060606060606,0,0
131,0,0,0.0,0,0
132,11,37,0.05102040816326531,2,0
133,0,0,0.0,0,0
134,0,0,0.0,0,0
135,10,46,0.01411764705882353,0,0
136,13,55,0.012121212121212121,0,0
137,12,49,0.014736842105263158,0,0
138,14,55,0.03490759753593429,0,0
139,11,54,0.07167235494880546,0,0
140,11,55,0.016666666666666666,0,0
141,9,46,0.02702702702702703,6,0
142,0,0,0.0,0,0
143,9,49,0.013282732447817837,0,0
144,10,42,0.021447721179624665,0,0
145,17,65,0.0189328743545611,1,0
146,10,42,0.07297297297297298,4,0
147,9,54,0.044142614601018676,2,0
148,0,0,0.0,0,0
149,0,1,0.0,0,0
150,4,25,0.016666666666666666,0,0
151,0,0,0.0,0,0
152,0,1,0.0,0,0
153,0,0,0.0,0,0
154,14,53,0.02066115702479339,1,0
155,13,40,0.012121212121212121,0,0
156,13,42,0.002857142857142857,0,0
157,7,23,0.005319148936170213,0,0
158,10,26,0.005747126436781609,0,0
159,0,0,0.0,0,0
160,0,0,0.0,0,0
161,0,0,0.0,0,0
162,0,0,0.0,0,0
163,0,0,0.0,0,0
164,12,48,0.04155844155844156,0,0
165,0,0,0.0,0,0
166,0,0,0.0,0,0
167,0,0,0.0,0,0
168,14,62,0.01926444833625219,0,0
169,5,17,0.02830188679245283,0,0
170,16,56,0.024719101123595506,0,0
171,8,42,0.008988764044943821,0,0
172,18,49,0.06306306306306306,1,0
173,2,6,0.25,0,0
174,2,6,0.29411764705882354,0,0
175,5,39,0.002028397565922921,0,0
176,8,53,0.009242144177449169,0,0
177,3,12,0.09278350515463918,0,0
178,0,0,0.0,0,0
179,7,39,0.006355932203389831,0,0
180,7,42,0.0038095238095238095,0,0
181,5,11,0.14285714285714285,0,0
182,0,1,0.0,0,0
183,0,0,0.0,0,0
184,10,35,0.03858520900321544,6,0
185,16,55,0.02564102564102564,0,0
186,5,37,0.0,0,0
187,8,43,0.021442495126705652,0,0
188,35,80,0.36538461538461536,13,0
189,12,46,0.017676767676767676,1,0
190,13,47,0.009900990099009901,1,0
191,0,1,0.0,0,0
192,0,0,0.0,0,0
193,0,0,0.0,0,0
194,0,0,0.0,0,0
195,0,0,0.0,0,0
196,0,0,0.0,0,0
197,0,0,0.0,0,0
198,0,0,0.0,0,0
199,0,0,0.0,0,0
200,0,0,0.0,0,0
201,10,42,0.025936599423631124,0,0
202,10,49,0.009324009324009324,0,0
203,0,0,0.0,0,0
204,16,53,0.021806853582554516,0,0
205,13,47,0.008595988538681949,1,0
206,11,42,0.034782608695652174,4,0
207,14,50,0.002631578947368421,0,0
208,15,53,0.005128205128205128,0,0
209,10,46,0.08413461538461539,12,0
210,11,50,0.030162412993039442,0,0
211,13,47,0.026595744680851064,3,0
212,0,1,0.0,0,0
213,0,0,0.0,0,0
214,0,0,0.0,0,0
215,0,0,0.0,0,0
216,0,1,0.0,0,0
217,11,50,0.048723897911832945,0,0
218,5,18,0.025477707006369428,0,0
219,95,203,0.05263157894736842,0,0
220,0,0,0.0,0,0
221,0,0,0.0,0,0
222,10,47,0.05054945054945055,0,0
223,3,33,0.02112676056338028,0,0
224,7,16,0.14285714285714285,0,0
225,10,37,0.0044444444444444444,0,0
226,4,35,0.0,0,0
227,8,42,0.008403361344537815,0,0
228,35,81,0.1388888888888889,1,0
229,10,43,0.015384615384615385,1,0
230,12,46,0.009852216748768473,1,0
231,0,1,0.0,0,0
232,10,45,0.015584415584415584,0,0
233,11,51,0.006772009029345372,0,0
234,10,46,0.029345372460496615,4,0
235,0,0,0.0,0,0
236,10,52,0.002061855670103093,0,0
237,12,47,0.005154639175257732,0,0
238,6,45,0.07984031936127745,13,0
239,9,49,0.03305785123966942,0,0
240,0,1,0.0,0,0
241,0,2,0.2222222222222222,0,0
242,10,47,0.031331592689295036,0,0
243,6,27,0.00749063670411985,0,0
244,12,47,0.02932551319648094,0,0
245,6,39,0.0043859649122807015,0,0
246,45,121,0.15315315315315314,0,0
247,5,28,0.019169329073482427,0,0
248,6,19,0.018018018018018018,0,0
249,3,7,0.16666666666666666,0,0
250,0,0,0.0,0,0
251,13,53,0.02689486552567237,0,0
252,8,48,0.0078125,0,0
253,3,14,0.028985507246376812,0,0
254,0,1,0.0,0,0
255,10,35,0.03870967741935484,6,0
256,4,10,0.1,0,0
257,8,41,0.004415011037527594,0,0
258,103,224,0.019230769230769232,0,0
259,8,24,0.05405405405405406,0,0
260,0,0,0.0,0,0
261,0,0,0.0,0,0
262,15,57,0.022443890274314215,0,0
263,6,34,0.01675977653631285,0,0
264,5,29,0.013071895424836602,0,0
265,0,0,0.0,0,0
266,0,1,0.0,0,0
267,0,0,0.0,0,0
268,0,0,0.0,0,0
269,10,35,0.038461538461538464,6,0
270,17,57,0.0,0,0
271,5,44,0.0,0,0
272,6,34,0.017721518987341773,2,0
273,30,74,0.42105263157894735,17,0
274,12,49,0.02968036529680365,5,0
275,13,49,0.009324009324009324,1,0
276,2,6,0.019230769230769232,0,0
277,0,0,0.0,0,0
278,0,0,0.0,0,0
279,0,1,0.0,0,0
280,0,0,0.0,0,0
281,0,0,0.0,0,0
282,0,0,0.0,0,0
283,0,0,0.0,0,0
284,0,0,0.0,0,0
285,0,0,0.0,0,0
286,0,0,0.0,0,0
287,0,0,0.0,0,0
288,10,46,0.015151515151515152,0,0
289,0,0,0.0,0,0
290,9,47,0.007425742574257425,0,0
291,10,47,0.004830917874396135,0,0
292,10,51,0.023529411764705882,4,0
293,9,52,0.002044989775051125,0,0
294,11,51,0.0043859649122807015,1,0
295,7,28,0.008771929824561403,0,0
296,6,46,0.06772908366533864,13,0
297,0,0,0.0,0,0
298,0,1,0.0,0,0
299,0,0,0.0,0,0
300,0,0,0.0,0,0
301,0,0,0.0,0,0
302,7,22,0.025806451612903226,0,0
303,0,0,0.0,0,0
304,0,1,0.0,0,0
305,0,0,0.0,0,0
306,0,0,0.0,0,0
307,0,0,0.0,0,0
308,0,0,0.0,0,0
309,12,52,0.031496062992125984,0,0
310,8,31,0.01444043321299639,0,0
311,13,50,0.044386422976501305,0,0
312,8,50,0.016666666666666666,0,0
313,9,47,0.008210180623973728,0,0
314,9,48,0.011538461538461539,3,0
